"","text"
"1"," renjun cafe k id card shotaro k good condi jogja"
"2"," renjun cafe k jogja"
"3","rekomenin cafe lucu di jogja donggg"
"4","abis liat led lanjut cafe event skuy banget  sih brights di jogja mana suaranya bbrightvc brightbdpresents  "
"5","saran cafe yg cocok buat nugas di jogja dong "
"6"," halo kaa aku ada jaemin cafe nih k aja good condi dom jogja"
"7"," haloo aku ada jaemin cafe k good condi dom jogja"
"8","wts in rush jaemin cafe k good condi dom jogja"
"9"," aku ada pc renjun cafe k sama renjun crazy k aja nih semuanya good condi bisa take all  mau take all dm aja nanti aku kasih harga murah dom jogja yaa"
"10"," aku ada jaemin cafe good condi k aja nih dom jogja yaa"
"11"," aku ada ar clip jeno hot sauce k renjun crazy k renjun cafe k dom jogja udah inc safe packing semua good condi kecuali ar clip jeno"
"12"," aku ada renjun  jaemin cafe nih each k  mau take all k aja nanti aku kasih pribis banyak dom jogja"
"13"," aku ada jaemin cafe k good condi bisa shopee udah inc safe packing pribis nanti aku kasih banyak dom jogja"
"14"," jaemin cafe k aja nih dom jogja"
"15"," aku ada jaemin agent  jaemin cafe k ajaa semuanya good condi dom jogja bisa take each juga"
"16"," haii aku ada jeno cafe k aja good condi dom jogja nii"
"17"," aku ada jeno cafe k aja good condi dom jogja nihh"
"18","wts in rush renjun crazy  renjun cafe  good condi semua  k jogja shopee  free ong   safe packing freebies nanti aku kasih banyak"
"19"," aku ada renjun cafe nih k aja good condi dom jogja"
"20"," aku ada pc jaemin cafe nih k aja dom jogja"
"21"," aku ada jaemin cafe nih k aja good condi dom jogja"
"22"," aku ada pc jaemin cafe k good condi dom jogja nih"
"23"," aku ada pc jaemin cafe good condi k aja nih dom jogja yaa"
"24","abis liat led lanjut cafe event skuy banget  sih brights di jogja mana suaranya bbrightvc brightbdpresents  "
"25","abis liat led lanjut cafe event skuy banget  sih brights di jogja mana suaranya bbrightvc brightbdpresents  "
"26","abis liat led lanjut cafe event skuy banget  sih brights di jogja mana suaranya bbrightvc brightbdpresents  "
"27"," pc renjun cafe k dom jogja kak"
"28"," cafe renjun k dom jogja"
"29","ftd di jogja ada dateng ke cafe event pbai  guysss   "
"30","ftd di jogja ada dateng ke cafe event pbai  guysss   "
"31"," cafe renjun k bersih kr kk ada go dom jogja"
"32","wtswto ready krchenle hello yb kun taeyong kihno tragic jisung cafe ada go line dom jogja yaa"
"33","wtswto ready krchenle hello yb kun taeyong kihno tragic jisung cafe ada go line dom jogja yaa"
"34","   jaeyong five tweet au  cafe teza jogjakesatu "
"35","   jaeyong five tweet au  cafe teza jogjakesatu "
"36"," renjun cafe k dom jogja"
"37"," renjun cafe k inc packingdom jogja"
"38"," renjun cafe k dom jogja"
"39"," renjun cafe k dom jogja"
"40"," renjun cafe kdom jogja"
"41"," renjun cafe k dom jogja"
"42"," renjun cafe k dom jogja"
"43"," renjun cafe kdom jogja"
"44"," jaemin cafe k slight dom jogja"
"45"," yuk ada jaemin cafe nih k dom jogja"
"46"," jaemin cafe k dom jogja"
"47"," jaemin cafe nih k dom jogja "
"48"," jaemin cafe k slight dom jogja"
"49"," jaemin cafe k dom jogja "
"50"," nana cafe k dom jogja"
"51"," aku pernah kes sekali makanannya enak porsinya cukup besar menurutku ditambah harganya murah dibanding cafe lainnya di jogjalt "
"52","wts  want to sell lucas totm idr  scrath tipis panjang lucas awaken idr  lucas sg  idr  renjun agent idr  jisung boring idr  renjun boring idr  damage ketimpa pc jaemin cafe idr dom jogja nego "
"53"," aku ada jaemin cafe k dom jogja"
"54"," jaemin cafe k dom jogja"
"55","wts  want to sell lucas totm idr  scrath tipis panjang lucas awaken booked lucas sg  idr  renjun agent idr  jisung boring idr  renjun boring idr  damage ketimpa pc jaemin cafe idr dom jogja nego "
"56"," wts  want to sell lucas totm idr  scrath tipis panjang lucas awaken idr  lucas sg  idr  renjun agent idr  jisung boring idr  renjun boring idr  damage ketimpa pc jaemin cafe idr dom jogja"
"57","wts  want to sell lucas totm idr  scrath tipis panjang lucas awaken idr  lucas sg  idr  renjun agent idr  jisung boring idr  renjun boring idr  damage ketimpa pc jaemin cafe idr dom jogja nego "
"58","mau cerita ah jadi akutu punya cafe di daerah tamansari kraton jogja bener di lokasi wisata yg bangunannya adalah cagar budaya jogja dari  sai awal  berada dalam zona nyaman ngga ambil pasar lokal  jogja bergantung pada tamu wisatawan asing lokal aja"
"59","mau cerita ah jadi akutu punya cafe di daerah tamansari kraton jogja bener di lokasi wisata yg bangunannya adalah cagar budaya jogja dari  sai awal  berada dalam zona nyaman ngga ambil pasar lokal  jogja bergantung pada tamu wisatawan asing lokal aja"
"60","mau cerita ah jadi akutu punya cafe di daerah tamansari kraton jogja bener di lokasi wisata yg bangunannya adalah cagar budaya jogja dari  sai awal  berada dalam zona nyaman ngga ambil pasar lokal  jogja bergantung pada tamu wisatawan asing lokal aja"
"61","guis aku sama suamiku mau ngerayain anniversary pertama kami boleh saran caferesto di jogja yg bagus tapi affordable  kami baru ngerantau ks  mgg tia"
"62","guis aku sama suamiku mau ngerayain anniversary pertama kami boleh saran caferesto di jogja yg bagus tapi affordable  kami baru ngerantau ks  mgg tia"
"63"," lho kok menyerang fans jogja yg ntn streaming anniv jeketi di cafe"
"64"," tau lah ris w pundungggggmenyerang fans jogja yg streaming di cafe karena wifi kos busuk sehingga gbs teriak pas lg perform "
"65","fess drop tempat makancafe wajib banget dikunjungin  lagi di jogja"
"66","saranin cafe di jogja yg bagus dong"
"67","please reply yg harus dicobain  ke jogja makanancafeapapun deh"
"68","want to sell wts lfbmark chilling khaechan cafe khaechan kihno krenjun crazy krenjun fcmm kjisung ar selca kjaemin d lenti hello future pc only kjaemin ar clip kjaemin ar resonance set k shopee nego tipis jogja"
"69","want to sell wts lfbmark chilling khaechan cafe khaechan kihno krenjun crazy krenjun fcmm kjisung ar selca kjaemin d lenti hello future pc only kjaemin ar clip kjaemin ar resonance set k shopee nego tipis jogja"
"70","want to sell wts lfbmark chilling khaechan cafe khaechan kihno krenjun crazy krenjun fcmm kjisung ar selca kjaemin d lenti hello future pc only kjaemin ar clip kjaemin ar resonance set k shopee nego tipis jogja"
"71","want to sell wts lfbmark chilling khaechan cafe khaechan kihno krenjun crazy krenjun fcmm kjisung ar selca kjaemin d lenti hello future pc only kjaemin ar clip kjaemin ar resonance set k shopee nego tipis jogja"
"72"," halo kak aku ada jaemin cafe k dom jogja"
"73"," jaemin cafe k dom jogja "
"74"," jaemin cafe k dom jogja "
"75"," jaemin cafe kdom jogja "
"76"," jaemin cafe k good condi nih nder dom jogja "
"77"," jaemin cafe k dom jogja "
"78"," jaemin cafe k dom jogja "
"79"," halo kak aku ada jaemin cafe k good condi dom jogja"
"80"," wtsjaemin cafe k dom jogja "
"81"," ada nder pc jaemin cafe k dom jogja "
"82"," jaemin cafe k dom jogja "
"83"," halo kak aku ada jaemin cafe k good condi dom jogja kak"
"84","recommend cafe di jogja buat me time plis"
"85","di jogja cafe mana yg ada pohon natal gede nya hihihi "
"86"," halo aku ada haechan cafe  dom jogja include admin sama packing"
"87"," hai aku ada pc cafe haechan  dom jogja include admin packing"
"88","wts  want to sell lucas totm idr  scrath tipis panjang lucas awaken idr  lucas sg  idr  renjun agent idr  jisung boring idr  renjun boring idr  damage ketimpa pc jaemin cafe idr dom jogja nego "
"89","   jaeyong five tweet au  cafe teza jogjakesatu "
"90","   jaeyong five tweet au  cafe teza jogjakesatu "
"91","wts  want to sellpc mark hot sauce boring veroffer dmada damage ketumpuk pc cafe sanadom jogja usahain cod "
"92"," wkwk tp ada juga caferesto yg lokasinya terpencil tp tetep rame kayak kopi klothok di jogja masuk kung mepet sawah tp suasana pedesaan itu yg dijual makanannya pun menu orang desa "
"93","jog rekomended cafetempat di jogja yg ada live music waktu weekend "
"94","jog info dong cafe atau tempat ada korden abu abu di jogja apaaa mkasihhh"
"95","jog info cafe yg enak buat nongkrong dong daerah jogja kota"
"96","jog semesta cafe udh tutup ya duh maap lama  ke jogja gatau info euy"
"97","setelah berkelana nyobain hir semua cafe di jogja utara selatan timur barat  coffee terbaik sihada suka  coffee juga ga jog "
"98","jog saranin tempat di jogja yg bisa di datengin sendirian ga terlalu rame orang nongkrong kayak cafe studiresto tia"
"99","jog cafetempat nongs daerah jogjabantul ada sentuhan alam alam kaya jawi jawi dimana lagi yaa"
"100","jog ada saran cafe di jogja kota enak buat nugas ga makasi"
"101","wtswto ready krchenle hello yb kun taeyong kihno tragic jisung cafe ada go line dom jogja yaa"
"102"," cafe haechan kcafe jisung k dom jogja"
"103"," cafe jisung kcafe haechan kdom jogja"
"104","wts haechan cafe krenjun future khaechan boring krenjun jas merah krenjun bene sg krenjun candylab concept kjeno chilling slight damage kjisung cafe kkun future ver kdom jogja bisa keep event "
"105","wah kayak jogja atau kotakota keren lain nongkrong di cafe live musikseg dulu tar nyusul lagi "
"106","midnight drive edition muter jogja buat cari cafe berakhir di pendopo lawas tapi penuhnyaa luar biasa lewat  km macetnya  kira ke angringab doraemon ditolak katanya udh tutup padahal masih byk orangnya terus lanjut ke legend cafe ditolak juga katanya mo tutup juga hhg"
"107"," book cafe di jogja banyak si tapi sanya gada temen"
"108","wtt  want to tradeaku taw sulid tapi apa salahnya mencoba lg bestiebantu rt yuk nanti aku kasi lov have mark cafewant jaemin cafe ttdom  jogjacondition dm photocard pc hot sauce nct dream shopee available "
"109","want to sell wts jeno cafe k dom jogjabisa  t wts jeno cafe "
"110","wts haechan cafe krenjun future khaechan boring krenjun jas merah krenjun bene sg krenjun candylab concept kjeno chilling slight damage kjisung cafe kkun future ver kdom jogja bisa keep event "
"111","wts  want to sell lucas totm idr  scrath tipis panjang lucas awaken idr  lucas sg  idr  renjun agent idr  jisung boring idr  renjun boring idr  damage ketimpa pc jaemin cafe idr dom jogja nego "
"112","wts  want to sell lucas totm idr  scrath tipis panjang lucas awaken idr  lucas sg  idr  renjun agent idr  jisung boring idr  renjun boring idr  damage ketimpa pc jaemin cafe idr dom jogja nego "
"113","wts  want to sell lucas totm idr  scrath tipis panjang lucas awaken idr  lucas sg  idr  renjun agent idr  jisung boring idr  renjun boring idr  damage ketimpa pc jaemin cafe idr dom jogja nego "
"114","want to sell wts jeno cafe k dom jogjabisa  t wts jeno cafe "
"115","want to sell wts jeno cafe k dom jogjabisa  t wts jeno cafe "
"116","want to sell wts jeno cafe k dom jogjabisa  t wts jeno cafe "
"117","want to sell wts jeno cafe k dom jogjabisa  t wts jeno cafe "
"118","want to sell wts jeno cafe k dom jogjabisa  t wts jeno cafe "
"119","want to sell wts jeno cafe k dom jogjabisa  t wts jeno cafe "
"120","want to sell wts jeno cafe k dom jogjabisa  t wts jeno cafe "
"121","want to sell wts jeno cafe k dom jogjabisa  t wts jeno cafe "
"122","want to sell wts jeno cafe k dom jogjabisa  t wts jeno cafe "
"123","want to sell wts jeno cafe k dom jogjabisa  t wts jeno cafe "
"124","want to sell wts jeno cafe k dom jogjabisa  t wts jeno cafe "
"125","want to sell wts jeno cafe k dom jogjabisa  t wts jeno cafe "
"126","saran cafe ada live music di jogja"
"127"," want to sell  wts jeno dream cafe photocard k dom jogja bisa freeong  boleh keep good condi dm aja yaa kalau mau liat videonyakalo ada minat crosstrade ke pc doyoung atau jihoon treasure boleh banget gt lt t nct dream pc lfb ina wtt "
"128"," chenle cafe  ar clip k udah include semua dom jogja"
"129"," chenle cafe  ar clip offer aja asal jangan sadis dom jogja"
"130"," chenle cafe  ar clip dom jogja harganya offer ajaa asal jangan sadis"
"131"," want to sell  wts  chenle cafe  ar clip  k  dom jogja bisa freeong  boleh keep good condi dm aja yaa kalau mau liat videonya udah include packing take each harganya beda t pc photocard nct dream ina lfb "
"132"," neozone c ver kjewel case only hsar selca mark kcafe hc ksuhum kdom jogja  semarang bisa keep event shopee freeong"
"133"," neozone c ver ksuhum kcafe kdom semarangjogja bisa keep event shopee freeong"
"134","pen nongs tp bosen di kafe biasanya rekomen cafe di jogja dong kawanku yg enak"
"135","   jaeyong five tweet au  cafe teza jogjakesatu "
"136","coba spill point cafe di jogja dimana sih kok kagak nemu nemu abdi teh"
"137","omgdjh itu di fb beneran bakal ada teyvat cafe di jogja "
"138","nctb haechan cafe dom jogja drop  yaa"
"139","nctrhave pc jisung boring crazy cafe jeno boringhello taeyong pastdreamwant tawarin pc jaemin apa ajapc jisung to jaemin  dom jogja "
"140","ncts chenle arrival crazy cafe fcmm dom jogja bisa oren dm "
"141","   jaeyong five tweet au  cafe teza jogjakesatu "
"142","open recruitment lur monggo bagi teman cari pekerjaan saya butuh gardening area jogja untuk cafe homestay m soccer umur  tahun tau tentang tanaman energik loyal jujur yang berminat monggo kirim cv via dm matur suwun "
"143","open recruitment lur monggo bagi teman cari pekerjaan saya butuh gardening area jogja untuk cafe homestay m soccer umur  tahun tau tentang tanaman energik loyal jujur yang berminat monggo kirim cv via dm matur suwun "
"144"," keliling jogja sama temen temenstudy cafe belajar buat semester selanjutnya biar seengganya ga bego bego amat"
"145"," jeno cafe k crazy k chiling kdom jogja"
"146","wtswtt help rt day  clearance salehaechan boring kmark wgu ktaeyong neozone c k cc kjeno cafe k crazy k chiling kor wtt to tyjsrjjndom jogja boleh keep bisa syopitoped siap kirimada damage pabrikmarie diangkut langsung dm ajaa  "
"147","wtswtt help rt sale haechan boring kmark wgu ktaeyong neozone c k cc kjeno cafe k crazy k chiling kor wtt to tyjsrjjndom jogja boleh keep bisa syopitoped siap kirimada damage pabrikmarie diangkut langsung dm ajaa  "
"148"," wtshaechan boring kmark wgu ktaeyong neozone c k cc kjeno cafe k crazy k chiling kyang mau wtt to tyrjjsjn juga bolehdom jogja boleh keep bisa syopitoped siap kirimada damage pabrik "
"149","wtswtt help rt day  salehaechan boring kmark wgu ktaeyong neozone c k cc kjeno cafe k crazy k chiling kor wtt to tyjsrjjndom jogja boleh keep bisa syopitoped siap kirimada damage pabrikmarie diangkut langsung dm ajaa  "
"150"," ntr and ntshaechan boring kmark wgu ktaeyong neozone c k cc kjeno cafe k crazy k chiling ktrade to tyrjjsjn bolehhdom jogja boleh keep bisa syopitoped siap kirimada damage pabrik "
"151","wtswtt help rt day  salehaechan boring kmark wgu ktaeyong neozone c k cc kjeno cafe k crazy k chiling kor wtt to tyjsrjjndom jogja boleh keep bisa syopitoped siap kirimada damage pabrikmarie diangkut langsung dm ajaa  "
"152","wtswtt help rt sale haechan boring kmark wgu ktaeyong neozone c k cc kjeno cafe k crazy k chiling kor wtt to tyjsrjjndom jogja boleh keep bisa syopitoped siap kirimada damage pabrikmarie diangkut langsung dm ajaa  "
"153","wtswtt help rt day  salehaechan boring kmark wgu ktaeyong neozone c k cc kjeno cafe k crazy k chiling kor wtt to tyjsrjjndom jogja boleh keep bisa syopitoped siap kirimada damage pabrikmarie diangkut langsung dm ajaa  "
"154","wtswtt help rt day  clearance salehaechan boring kmark wgu ktaeyong neozone c k cc kjeno cafe k crazy k chiling kor wtt to tyjsrjjndom jogja boleh keep bisa syopitoped siap kirimada damage pabrikmarie diangkut langsung dm ajaa  "
"155"," wtt haechan boringmark wgutaeyong neozone cjeno cafe crazy chilingtrade to ty jn rj jsdom jogja boleh keep bisa syopitoped siap kirimada damage pabrik"
"156","wtswtt help rt day  salehaechan boring kmark wgu ktaeyong neozone c k cc kjeno cafe k crazy k chiling kor wtt to tyjsrjjndom jogja boleh keep bisa syopitoped siap kirimada damage pabrikmarie diangkut langsung dm ajaa  "
"157"," wtsjeno cafe k crazy k chiling kdom jogja boleh keep bisa syopitoped siap kirim"
"158","wtswtt help rt day  salehaechan boring kmark wgu ktaeyong neozone c k cc kjeno cafe k crazy k chiling kor wtt to tyjsrjjndom jogja boleh keep bisa syopitoped siap kirimada damage pabrikmarie diangkut langsung dm ajaa  "
"159","hah ada teyvat cafe di jogja"
"160","wtt want to tradehave pc jisung boring crazy cafe jeno boringhello taeyong pastdreamwant tawarin pc jaemin apa aja selain era hs hfpc jisung to jaemin  dom jogja"
"161","wtt want to tradehave pc jisung boring crazy cafe jeno boringhello taeyong pastdreamwant tawarin pc jaemin apa aja selain era hs hfpc jisung to jaemin  dom jogja"
"162","kangen photoshoot dadakan lagi captured by sore hari di suatu cafe di jogja "
"163"," jisung cafe k dom jogja"
"164"," jisung cafe k dom jogja"
"165"," pc cafe dream mark  cc jaemin weboom k dom jogja shopee free ongkir nego details via dm"
"166"," cafe mark  cc we boom jaemin take all k dom jogja shopee free ongkir "
"167"," cafe mark  cc we boom jaemin k dom jogja shopee free ongkir freebies"
"168"," cafe mark  cc jaemin k dom jogja"
"169"," nii nder under k udah dapet mark jaeminmark cafe  cc we boom jaemin k dom jogja shopee free ongkir "
"170"," cafe mark  cc jaemin k dom jogja shopee free ongkir negotiable"
"171"," cafe mark  cc we boom jaemin k ajaa dom jogja"
"172"," cafe mark  cc jaemin we boom k dom jogja shopee free ongkir  negotiable "
"173"," jeno cafe k ajaa dom jogja"
"174"," pc jeno cafe hc future k eadom jogja"
"175","cafe di jogja spot fotonya banyak dimana ya"
"176"," instead of beli mejakursi aku cafe hopping  bikin review aja kali ya hmm  berarti kudu spare budget di s menarique sih dari dulu awal pindah ke jogja pengen melakukan tapi mager karena nggak ada temennya sekarang aku udah punya teman "
"177","info cafe yg cocok buat foto tema denim di jogja mana ya"
"178"," jaemin cafe  gudcon dom jogja inc packing"
"179"," mark cafe k dom jogja"
"180"," haechan cafe k good condi inc pack sama freebies jogja"
"181"," haechan cafe k good condi dom jogja udah inc pack sama freebies"
"182"," haechan cafe s k good condi inc pack sama freebies dom jogja"
"183"," haechan cafe k good condi inc packing sama freebies dom jogja"
"184"," cafe yuk nder k good condi banget dom jogja udah inc pack sama freebies"
"185"," want to sell  wts jeno dream cafe photocard k dom jogja bisa freeong  boleh keep good condi dm aja yaa kalau mau liat videonyakalo ada minat crosstrade ke pc doyoung atau jihoon treasure boleh banget gt lt t nct dream pc lfb ina wtt "
"186"," renjun cafe k dom jogja"
"187"," aku ada renjun cafe k dom jogja"
"188"," renjun cafe k dom jogja"
"189"," cafe  boring k dom jogja"
"190","open recruitment lur monggo bagi teman cari pekerjaan saya butuh gardening area jogja untuk cafe homestay m soccer umur  tahun tau tentang tanaman energik loyal jujur yang berminat monggo kirim cv via dm matur suwun "
"191","open recruitment lur monggo bagi teman cari pekerjaan saya butuh gardening area jogja untuk cafe homestay m soccer umur  tahun tau tentang tanaman energik loyal jujur yang berminat monggo kirim cv via dm matur suwun "
"192","pulang keujanan bukannya lgsg ke kostan malah belok ke manhattan cafe salah satu yg instagramable di jogja dengan basah kuyup pd aja lagi masuknya wkwkwk"
"193","open recruitment lur monggo bagi teman cari pekerjaan saya butuh gardening area jogja untuk cafe homestay m soccer umur  tahun tau tentang tanaman energik loyal jujur yang berminat monggo kirim cv via dm matur suwun "
"194","open recruitment lur monggo bagi teman cari pekerjaan saya butuh gardening area jogja untuk cafe homestay m soccer umur  tahun tau tentang tanaman energik loyal jujur yang berminat monggo kirim cv via dm matur suwun "
"195","open recruitment lur monggo bagi teman cari pekerjaan saya butuh gardening area jogja untuk cafe homestay m soccer umur  tahun tau tentang tanaman energik loyal jujur yang berminat monggo kirim cv via dm matur suwun "
"196","open recruitment lur monggo bagi teman cari pekerjaan saya butuh gardening area jogja untuk cafe homestay m soccer umur  tahun tau tentang tanaman energik loyal jujur yang berminat monggo kirim cv via dm matur suwun "
"197","open recruitment lur monggo bagi teman cari pekerjaan saya butuh gardening area jogja untuk cafe homestay m soccer umur  tahun tau tentang tanaman energik loyal jujur yang berminat monggo kirim cv via dm matur suwun "
"198","open recruitment lur monggo bagi teman cari pekerjaan saya butuh gardening area jogja untuk cafe homestay m soccer umur  tahun tau tentang tanaman energik loyal jujur yang berminat monggo kirim cv via dm matur suwun "
"199","open recruitment lur monggo bagi teman cari pekerjaan saya butuh gardening area jogja untuk cafe homestay m soccer umur  tahun tau tentang tanaman energik loyal jujur yang berminat monggo kirim cv via dm matur suwun "
"200","open recruitment lur monggo bagi teman cari pekerjaan saya butuh gardening area jogja untuk cafe homestay m soccer umur  tahun tau tentang tanaman energik loyal jujur yang berminat monggo kirim cv via dm matur suwun "
"201","open recruitment lur monggo bagi teman cari pekerjaan saya butuh gardening area jogja untuk cafe homestay m soccer umur  tahun tau tentang tanaman energik loyal jujur yang berminat monggo kirim cv via dm matur suwun "
"202"," jogja tuh banyaknya tempat gacoan sama cafe kopi gitu  mau nongkrong yg banyak makan berat itu paling raminten atau tempat bakaran gitu banyak atau  mau cari di google banyak list resto enak"
"203","open recruitment lur monggo bagi teman cari pekerjaan saya butuh gardening area jogja untuk cafe homestay m soccer umur  tahun tau tentang tanaman energik loyal jujur yang berminat monggo kirim cv via dm matur suwun "
"204","open recruitment lur monggo bagi teman cari pekerjaan saya butuh gardening area jogja untuk cafe homestay m soccer umur  tahun tau tentang tanaman energik loyal jujur yang berminat monggo kirim cv via dm matur suwun "
"205","open recruitment lur monggo bagi teman cari pekerjaan saya butuh gardening area jogja untuk cafe homestay m soccer umur  tahun tau tentang tanaman energik loyal jujur yang berminat monggo kirim cv via dm matur suwun "
"206","open recruitment lur monggo bagi teman cari pekerjaan saya butuh gardening area jogja untuk cafe homestay m soccer umur  tahun tau tentang tanaman energik loyal jujur yang berminat monggo kirim cv via dm matur suwun "
"207","open recruitment lur monggo bagi teman cari pekerjaan saya butuh gardening area jogja untuk cafe homestay m soccer umur  tahun tau tentang tanaman energik loyal jujur yang berminat monggo kirim cv via dm matur suwun "
"208","open recruitment lur monggo bagi teman cari pekerjaan saya butuh gardening area jogja untuk cafe homestay m soccer umur  tahun tau tentang tanaman energik loyal jujur yang berminat monggo kirim cv via dm matur suwun "
"209","open recruitment lur monggo bagi teman cari pekerjaan saya butuh gardening area jogja untuk cafe homestay m soccer umur  tahun tau tentang tanaman energik loyal jujur yang berminat monggo kirim cv via dm matur suwun "
"210"," jisung cafe kchenle ar selca kdom jogja"
"211","open recruitment lur monggo bagi teman cari pekerjaan saya butuh gardening area jogja untuk cafe homestay m soccer umur  tahun tau tentang tanaman energik loyal jujur yang berminat monggo kirim cv via dm matur suwun "
"212","open recruitment lur monggo bagi teman cari pekerjaan saya butuh gardening area jogja untuk cafe homestay m soccer umur  tahun tau tentang tanaman energik loyal jujur yang berminat monggo kirim cv via dm matur suwun "
"213","open recruitment lur monggo bagi teman cari pekerjaan saya butuh gardening area jogja untuk cafe homestay m soccer umur  tahun tau tentang tanaman energik loyal jujur yang berminat monggo kirim cv via dm matur suwun "
"214","open recruitment lur monggo bagi teman cari pekerjaan saya butuh gardening area jogja untuk cafe homestay m soccer umur  tahun tau tentang tanaman energik loyal jujur yang berminat monggo kirim cv via dm matur suwun "
"215","open recruitment lur monggo bagi teman cari pekerjaan saya butuh gardening area jogja untuk cafe homestay m soccer umur  tahun tau tentang tanaman energik loyal jujur yang berminat monggo kirim cv via dm matur suwun "
"216","open recruitment lur monggo bagi teman cari pekerjaan saya butuh gardening area jogja untuk cafe homestay m soccer umur  tahun tau tentang tanaman energik loyal jujur yang berminat monggo kirim cv via dm matur suwun "
"217","open recruitment lur monggo bagi teman cari pekerjaan saya butuh gardening area jogja untuk cafe homestay m soccer umur  tahun tau tentang tanaman energik loyal jujur yang berminat monggo kirim cv via dm matur suwun "
"218","open recruitment lur monggo bagi teman cari pekerjaan saya butuh gardening area jogja untuk cafe homestay m soccer umur  tahun tau tentang tanaman energik loyal jujur yang berminat monggo kirim cv via dm matur suwun "
"219","open recruitment lur monggo bagi teman cari pekerjaan saya butuh gardening area jogja untuk cafe homestay m soccer umur  tahun tau tentang tanaman energik loyal jujur yang berminat monggo kirim cv via dm matur suwun "
"220","open recruitment lur monggo bagi teman cari pekerjaan saya butuh gardening area jogja untuk cafe homestay m soccer umur  tahun tau tentang tanaman energik loyal jujur yang berminat monggo kirim cv via dm matur suwun "
"221","open recruitment lur monggo bagi teman cari pekerjaan saya butuh gardening area jogja untuk cafe homestay m soccer umur  tahun tau tentang tanaman energik loyal jujur yang berminat monggo kirim cv via dm matur suwun "
"222","open recruitment lur monggo bagi teman cari pekerjaan saya butuh gardening area jogja untuk cafe homestay m soccer umur  tahun tau tentang tanaman energik loyal jujur yang berminat monggo kirim cv via dm matur suwun "
"223","open recruitment lur monggo bagi teman cari pekerjaan saya butuh gardening area jogja untuk cafe homestay m soccer umur  tahun tau tentang tanaman energik loyal jujur yang berminat monggo kirim cv via dm matur suwun "
"224","open recruitment lur monggo bagi teman cari pekerjaan saya butuh gardening area jogja untuk cafe homestay m soccer umur  tahun tau tentang tanaman energik loyal jujur yang berminat monggo kirim cv via dm matur suwun "
"225"," cafe k dom jogja kak"
"226","open recruitment lur monggo bagi teman cari pekerjaan saya butuh gardening area jogja untuk cafe homestay m soccer umur  tahun tau tentang tanaman energik loyal jujur yang berminat monggo kirim cv via dm matur suwun "
"227","open recruitment lur monggo bagi teman cari pekerjaan saya butuh gardening area jogja untuk cafe homestay m soccer umur  tahun tau tentang tanaman energik loyal jujur yang berminat monggo kirim cv via dm matur suwun "
"228","open recruitment lur monggo bagi teman cari pekerjaan saya butuh gardening area jogja untuk cafe homestay m soccer umur  tahun tau tentang tanaman energik loyal jujur yang berminat monggo kirim cv via dm matur suwun "
"229","open recruitment lur monggo bagi teman cari pekerjaan saya butuh gardening area jogja untuk cafe homestay m soccer umur  tahun tau tentang tanaman energik loyal jujur yang berminat monggo kirim cv via dm matur suwun "
"230","open recruitment lur monggo bagi teman cari pekerjaan saya butuh gardening area jogja untuk cafe homestay m soccer umur  tahun tau tentang tanaman energik loyal jujur yang berminat monggo kirim cv via dm matur suwun "
"231","open recruitment lur monggo bagi teman cari pekerjaan saya butuh gardening area jogja untuk cafe homestay m soccer umur  tahun tau tentang tanaman energik loyal jujur yang berminat monggo kirim cv via dm matur suwun "
"232","open recruitment lur monggo bagi teman cari pekerjaan saya butuh gardening area jogja untuk cafe homestay m soccer umur  tahun tau tentang tanaman energik loyal jujur yang berminat monggo kirim cv via dm matur suwun "
"233","open recruitment lur monggo bagi teman cari pekerjaan saya butuh gardening area jogja untuk cafe homestay m soccer umur  tahun tau tentang tanaman energik loyal jujur yang berminat monggo kirim cv via dm matur suwun "
"234","   jaeyong five tweet au  cafe teza jogjakesatu "
"235","open recruitment lur monggo bagi teman cari pekerjaan saya butuh gardening area jogja untuk cafe homestay m soccer umur  tahun tau tentang tanaman energik loyal jujur yang berminat monggo kirim cv via dm matur suwun "
"236","open recruitment lur monggo bagi teman cari pekerjaan saya butuh gardening area jogja untuk cafe homestay m soccer umur  tahun tau tentang tanaman energik loyal jujur yang berminat monggo kirim cv via dm matur suwun "
"237","open recruitment lur monggo bagi teman cari pekerjaan saya butuh gardening area jogja untuk cafe homestay m soccer umur  tahun tau tentang tanaman energik loyal jujur yang berminat monggo kirim cv via dm matur suwun "
"238","open recruitment lur monggo bagi teman cari pekerjaan saya butuh gardening area jogja untuk cafe homestay m soccer umur  tahun tau tentang tanaman energik loyal jujur yang berminat monggo kirim cv via dm matur suwun "
"239","open recruitment lur monggo bagi teman cari pekerjaan saya butuh gardening area jogja untuk cafe homestay m soccer umur  tahun tau tentang tanaman energik loyal jujur yang berminat monggo kirim cv via dm matur suwun "
"240","open recruitment lur monggo bagi teman cari pekerjaan saya butuh gardening area jogja untuk cafe homestay m soccer umur  tahun tau tentang tanaman energik loyal jujur yang berminat monggo kirim cv via dm matur suwun "
"241","open recruitment lur monggo bagi teman cari pekerjaan saya butuh gardening area jogja untuk cafe homestay m soccer umur  tahun tau tentang tanaman energik loyal jujur yang berminat monggo kirim cv via dm matur suwun "
"242","open recruitment lur monggo bagi teman cari pekerjaan saya butuh gardening area jogja untuk cafe homestay m soccer umur  tahun tau tentang tanaman energik loyal jujur yang berminat monggo kirim cv via dm matur suwun "
"243","open recruitment lur monggo bagi teman cari pekerjaan saya butuh gardening area jogja untuk cafe homestay m soccer umur  tahun tau tentang tanaman energik loyal jujur yang berminat monggo kirim cv via dm matur suwun "
"244","open recruitment lur monggo bagi teman cari pekerjaan saya butuh gardening area jogja untuk cafe homestay m soccer umur  tahun tau tentang tanaman energik loyal jujur yang berminat monggo kirim cv via dm matur suwun "
"245","diantara mutualku ada yg intermediateexperienced barista  yaa sama kitchen juga kl ada japri ada cafe temen yg butuh siapatau cocok loc jogja"
"246"," coba ke ayam jogja lembah dieng ayam bakar pojokan jembatan kali metro arah bandulan nk cafe karang ploso"
"247","open recruitment lur monggo bagi teman cari pekerjaan saya butuh gardening area jogja untuk cafe homestay m soccer umur  tahun tau tentang tanaman energik loyal jujur yang berminat monggo kirim cv via dm matur suwun "
"248","open recruitment lur monggo bagi teman cari pekerjaan saya butuh gardening area jogja untuk cafe homestay m soccer umur  tahun tau tentang tanaman energik loyal jujur yang berminat monggo kirim cv via dm matur suwun "
"249","open recruitment lur monggo bagi teman cari pekerjaan saya butuh gardening area jogja untuk cafe homestay m soccer umur  tahun tau tentang tanaman energik loyal jujur yang berminat monggo kirim cv via dm matur suwun "
"250","open recruitment lur monggo bagi teman cari pekerjaan saya butuh gardening area jogja untuk cafe homestay m soccer umur  tahun tau tentang tanaman energik loyal jujur yang berminat monggo kirim cv via dm matur suwun "
"251","open recruitment lur monggo bagi teman cari pekerjaan saya butuh gardening area jogja untuk cafe homestay m soccer umur  tahun tau tentang tanaman energik loyal jujur yang berminat monggo kirim cv via dm matur suwun "
"252","   jaeyong five tweet au  cafe teza jogjakesatu "
"253","open recruitment lur monggo bagi teman cari pekerjaan saya butuh gardening area jogja untuk cafe homestay m soccer umur  tahun tau tentang tanaman energik loyal jujur yang berminat monggo kirim cv via dm matur suwun "
"254","   jaeyong five tweet au  cafe teza jogjakesatu "
"255","cafe di jogja enak buat nugas sendirian dimana ya guys "
"256","ini  diindo pinggir jalan dah penuh cafe warna warni "
"257","red door cafe gejayanpetanya aunya sedikit mengecil karena aku masukin lokasi situs dipansitus apa itu dis ada beberapa temuan arkeologis oleh penduduk seperti arca artefak fragmen bata kuno ukiran batu andesit pahatan stupa "
"258","salah satu kafe di jogja bernuansa unik adalah nepa mountain book  coffee kafe bertempat di kawasan condongcatur menghadirkan suasana ala pegunungan di nepal "
"259"," hihi aku juga kangen bgt sama jogja nath taun lalu kos disana  bulan jd ngerti dikit heheapalagi cafecoffee shop di sekitar ugm tu gemes sebenernya tapi cocoknya buat anak kus gitusi bukan itenarry wisata hehesamasama havefun yaa nath"
"260","kemaren liat thread home bakery java cafe skrg book cafe di jogja semua"
"261","open recruitment lur monggo bagi teman cari pekerjaan saya butuh gardening area jogja untuk cafe homestay m soccer umur  tahun tau tentang tanaman energik loyal jujur yang berminat monggo kirim cv via dm matur suwun "
"262","open recruitment lur monggo bagi teman cari pekerjaan saya butuh gardening area jogja untuk cafe homestay m soccer umur  tahun tau tentang tanaman energik loyal jujur yang berminat monggo kirim cv via dm matur suwun "
"263","wts album chilling hot sauce full set tapi udh kebuka pc cafe bisa pilih renjun atau jisung pc album jisunglengkap ya sticker fp roll poster trs poster thank you itu apa y namnyak saja inc safe packing dom jogjabisa orenfree ong"
"264","open recruitment lur monggo bagi teman cari pekerjaan saya butuh gardening area jogja untuk cafe homestay m soccer umur  tahun tau tentang tanaman energik loyal jujur yang berminat monggo kirim cv via dm matur suwun "
"265","open recruitment lur monggo bagi teman cari pekerjaan saya butuh gardening area jogja untuk cafe homestay m soccer umur  tahun tau tentang tanaman energik loyal jujur yang berminat monggo kirim cv via dm matur suwun "
"266","open recruitment lur monggo bagi teman cari pekerjaan saya butuh gardening area jogja untuk cafe homestay m soccer umur  tahun tau tentang tanaman energik loyal jujur yang berminat monggo kirim cv via dm matur suwun "
"267","open recruitment lur monggo bagi teman cari pekerjaan saya butuh gardening area jogja untuk cafe homestay m soccer umur  tahun tau tentang tanaman energik loyal jujur yang berminat monggo kirim cv via dm matur suwun "
"268","open recruitment lur monggo bagi teman cari pekerjaan saya butuh gardening area jogja untuk cafe homestay m soccer umur  tahun tau tentang tanaman energik loyal jujur yang berminat monggo kirim cv via dm matur suwun "
"269","open recruitment lur monggo bagi teman cari pekerjaan saya butuh gardening area jogja untuk cafe homestay m soccer umur  tahun tau tentang tanaman energik loyal jujur yang berminat monggo kirim cv via dm matur suwun "
"270","pocas chenle arrival crazy cafe fcmm dom jogja bisa oren dm "
"271","open recruitment lur monggo bagi teman cari pekerjaan saya butuh gardening area jogja untuk cafe homestay m soccer umur  tahun tau tentang tanaman energik loyal jujur yang berminat monggo kirim cv via dm matur suwun "
"272","kuy wtb haechan cafe yg dom jogja drop wang yaa makasih"
"273","kuy wtb pc haechan cafe yg dom jogja drop wang makasih"
"274","kuy wts pc mark empathy reality  mark cafe k negoatiable good condi dom jogja bisa oren inc packing details dm "
"275","open recruitment lur monggo bagi teman cari pekerjaan saya butuh gardening area jogja untuk cafe homestay m soccer umur  tahun tau tentang tanaman energik loyal jujur yang berminat monggo kirim cv via dm matur suwun "
"276","open recruitment lur monggo bagi teman cari pekerjaan saya butuh gardening area jogja untuk cafe homestay m soccer umur  tahun tau tentang tanaman energik loyal jujur yang berminat monggo kirim cv via dm matur suwun "
"277","   jaeyong five tweet au  cafe teza jogjakesatu "
"278","   jaeyong five tweet au  cafe teza jogjakesatu "
"279","epic coffee jl palagan hands down best café in jogja amazing place great atmosphere great coffeetempatnya kebagi  backyard central verandagardendi backyard nugasbelajar enak central buat meeting verandagarden buat nongs veranda "
"280","jogja karena mau kulineran murmer terus pengen nyobain ke cafe jogja sambil baca buku "
"281","setelah hir dua jam di udara mendarat pukul  wib dilanjut menunggu waktu dg membaca buku di sebuah cafe stasiun gubeng sekarang lanjut ke jogja dg kereta diesel turangga insyaallaah tiba pukul  wib bismillaah "
"282","   jaeyong five tweet au  cafe teza jogjakesatu "
"283","setelah hir dua jam di udara mendarat pukul  wib dilanjut menunggu waktu dg membaca buku di sebuah cafe stasiun gubeng sekarang lanjut ke jogja dg kereta diesel turangga insyaallaah tiba pukul  wib bismillaah "
"284","setelah hir dua jam di udara mendarat pukul  wib dilanjut menunggu waktu dg membaca buku di sebuah cafe stasiun gubeng sekarang lanjut ke jogja dg kereta diesel turangga insyaallaah tiba pukul  wib bismillaah "
"285","   jaeyong five tweet au  cafe teza jogjakesatu "
"286","   jaeyong five tweet au  cafe teza jogjakesatu "
"287","   jaeyong five tweet au  cafe teza jogjakesatu "
"288","cafe baru di daerah maguwoharjo yogyakarta namanya teras kemarinmenu  harga makananminumannya bisa dilihat di blog kulinerkureviewteraskemarinjogjahtml "
"289","   jaeyong five tweet au  cafe teza jogjakesatu "
"290","info cafe  jam wilayah jogja"
"291","wtswtt help rt day  salehaechan boring kmark wgu ktaeyong neozone c k cc kjeno cafe k crazy k chiling kor wtt to tyjsrjjndom jogja boleh keep bisa syopitoped siap kirimada damage pabrikmarie diangkut langsung dm ajaa  "
"292","hai adakah gyulrangelseone it carat jogjaaku ada rencana mau bagi di chingu cafe hari kamis jam nya menyusul  misalkan ada mau boleh rep yah mau yg mana d orang   chkecuali ppc wonu boleh ambil lebih   "
"293","hai adakah gyulrangelseone it carat jogjaaku ada rencana mau bagi di chingu cafe hari kamis jam nya menyusul  misalkan ada mau boleh rep yah mau yg mana d orang   chkecuali ppc wonu boleh ambil lebih   "
"294","cafe jogja yg enak buat nugas dmn ya"
"295"," jeno cafe k crazy k chiling kdom jogja "
"296"," jeno cafe k crazy k chiling kjaemin ar clip k ar selca kdom jogja"
"297","   jaeyong five tweet au  cafe teza jogjakesatu "
"298","   jaeyong five tweet au  cafe teza jogjakesatu "
"299","help rtlikewtswant to sellpc renjun agentpc renjun cafepc jisung ar selcaharga bersih krready kr fix dapetada go dom jogja emstaxpackingdm for detail "
"300","mohon info cafe jogja dengan wifi kencengcafejogja cafe coffeejogja"
"301","hai adakah gyulrangelseone it carat jogjaaku ada rencana mau bagi di chingu cafe hari kamis jam nya menyusul  misalkan ada mau boleh rep yah mau yg mana d orang   chkecuali ppc wonu boleh ambil lebih   "
"302","hai adakah gyulrangelseone it carat jogjaaku ada rencana mau bagi di chingu cafe hari kamis jam nya menyusul  misalkan ada mau boleh rep yah mau yg mana d orang   chkecuali ppc wonu boleh ambil lebih   "
"303","   jaeyong five tweet au  cafe teza jogjakesatu "
"304","   jaeyong five tweet au  cafe teza jogjakesatu "
"305","   jaeyong five tweet au  cafe teza jogjakesatu "
"306","saran dong cafe yg nyaman buat ngerjain skripsi suasananya tenang pokoknya daerah jogja plss"
"307","   jaeyong five tweet au  cafe teza jogjakesatu "
"308"," jeno cafe k good condi dom jogja"
"309","   jaeyong five tweet au  cafe teza jogjakesatu "
"310","hai adakah gyulrangelseone it carat jogjaaku ada rencana mau bagi di chingu cafe hari kamis jam nya menyusul  misalkan ada mau boleh rep yah mau yg mana d orang   chkecuali ppc wonu boleh ambil lebih   "
"311","   jaeyong five tweet au  cafe teza jogjakesatu "
"312","   jaeyong five tweet au  cafe teza jogjakesatu "
"313","   jaeyong five tweet au  cafe teza jogjakesatu "
"314"," jisung cafe dream kjisung hotsa boring ver kdom jogja"
"315"," semoga taun baru besuk bos cce jdi ke jogja biar neng isa ngrasain ke cafe bura amin"
"316","   jaeyong five tweet au  cafe teza jogjakesatu "
"317","   jaeyong five tweet au  cafe teza jogjakesatu "
"318","   jaeyong five tweet au  cafe teza jogjakesatu "
"319","   jaeyong five tweet au  cafe teza jogjakesatu "
"320","   jaeyong five tweet au  cafe teza jogjakesatu "
"321","help rt wts photocard nctrenjun agent kchenle cafe kmark cafe kall good condijogja  bisa keep event inc packingvidio condi bisa dm "
"322","   jaeyong five tweet au  cafe teza jogjakesatu "
"323","   jaeyong five tweet au  cafe teza jogjakesatu "
"324","   jaeyong five tweet au  cafe teza jogjakesatu "
"325","   jaeyong five tweet au  cafe teza jogjakesatu "
"326","   jaeyong five tweet au  cafe teza jogjakesatu "
"327","   jaeyong five tweet au  cafe teza jogjakesatu "
"328","   jaeyong five tweet au  cafe teza jogjakesatu "
"329","hai adakah gyulrangelseone it carat jogjaaku ada rencana mau bagi di chingu cafe hari kamis jam nya menyusul  misalkan ada mau boleh rep yah mau yg mana d orang   chkecuali ppc wonu boleh ambil lebih   "
"330","cafe jogja yg ada nobar mu mana"
"331","   jaeyong five tweet au  cafe teza jogjakesatu "
"332","   jaeyong five tweet au  cafe teza jogjakesatu "
"333","   jaeyong five tweet au  cafe teza jogjakesatu "
"334","cafe di jogja tuh kenapa asikasik banget vibesnya homey bangetapalagi gandhok sunyi banget  crowded tipikal cafe dumah nenek "
"335","   jaeyong five tweet au  cafe teza jogjakesatu "
"336","hai adakah gyulrangelseone it carat jogjaaku ada rencana mau bagi di chingu cafe hari kamis jam nya menyusul  misalkan ada mau boleh rep yah mau yg mana d orang   chkecuali ppc wonu boleh ambil lebih   "
"337","   jaeyong five tweet au  cafe teza jogjakesatu "
"338","   jaeyong five tweet au  cafe teza jogjakesatu "
"339","agaknya para cafe di jogja mbok mutar lagu jangan lagu sedihgalau"
"340","   jaeyong five tweet au  cafe teza jogjakesatu "
"341","   jaeyong five tweet au  cafe teza jogjakesatu "
"342","hai adakah gyulrangelseone it carat jogjaaku ada rencana mau bagi di chingu cafe hari kamis jam nya menyusul  misalkan ada mau boleh rep yah mau yg mana d orang   chkecuali ppc wonu boleh ambil lebih   "
"343","hai adakah gyulrangelseone it carat jogjaaku ada rencana mau bagi di chingu cafe hari kamis jam nya menyusul  misalkan ada mau boleh rep yah mau yg mana d orang   chkecuali ppc wonu boleh ambil lebih   "
"344","hai adakah gyulrangelseone it carat jogjaaku ada rencana mau bagi di chingu cafe hari kamis jam nya menyusul  misalkan ada mau boleh rep yah mau yg mana d orang   chkecuali ppc wonu boleh ambil lebih   "
"345","hai adakah gyulrangelseone it carat jogjaaku ada rencana mau bagi di chingu cafe hari kamis jam nya menyusul  misalkan ada mau boleh rep yah mau yg mana d orang   chkecuali ppc wonu boleh ambil lebih   "
"346","hai adakah gyulrangelseone it carat jogjaaku ada rencana mau bagi di chingu cafe hari kamis jam nya menyusul  misalkan ada mau boleh rep yah mau yg mana d orang   chkecuali ppc wonu boleh ambil lebih   "
"347","alias rame banget anjing jogja cafe dimana mana ruame polll"
"348","   jaeyong five tweet au  cafe teza jogjakesatu "
"349","   jaeyong five tweet au  cafe teza jogjakesatu "
"350","   jaeyong five tweet au  cafe teza jogjakesatu "
"351","jog saranin tempat di jogja yg bisa di datengin sendirian ga terlalu rame orang nongkrong kayak cafe studiresto tia"
"352","   jaeyong five tweet au  cafe teza jogjakesatu "
"353","   jaeyong five tweet au  cafe teza jogjakesatu "
"354","   jaeyong five tweet au  cafe teza jogjakesatu "
"355","   jaeyong five tweet au  cafe teza jogjakesatu "
"356","   jaeyong five tweet au  cafe teza jogjakesatu "
"357","   jaeyong five tweet au  cafe teza jogjakesatu "
"358","akhirnya muncullah tawaran utk menjadi reader di sebuah cafe di jogja lumayan banyak peminatnya bahkan se ada yg rutin datang tiap minggulalu kenapa gue memutuskan untuk berhenti"
"359","eh ternyata sekarang menjamur ive been doing that since  di jogja rb per reading  menit bagi hasil sama cafe gue dapet rb per orgseminggu bisa rb sangat lumayansekarang tarot reading tidak semistik dulu lagi kali ya"
"360","   jaeyong five tweet au  cafe teza jogjakesatu "
"361","   jaeyong five tweet au  cafe teza jogjakesatu "
"362","   jaeyong five tweet au  cafe teza jogjakesatu "
"363","hai adakah gyulrangelseone it carat jogjaaku ada rencana mau bagi di chingu cafe hari kamis jam nya menyusul  misalkan ada mau boleh rep yah mau yg mana d orang   chkecuali ppc wonu boleh ambil lebih   "
"364","hai adakah gyulrangelseone it carat jogjaaku ada rencana mau bagi di chingu cafe hari kamis jam nya menyusul  misalkan ada mau boleh rep yah mau yg mana d orang   chkecuali ppc wonu boleh ambil lebih   "
"365","hai adakah gyulrangelseone it carat jogjaaku ada rencana mau bagi di chingu cafe hari kamis jam nya menyusul  misalkan ada mau boleh rep yah mau yg mana d orang   chkecuali ppc wonu boleh ambil lebih   "
"366","hai adakah gyulrangelseone it carat jogjaaku ada rencana mau bagi di chingu cafe hari kamis jam nya menyusul  misalkan ada mau boleh rep yah mau yg mana d orang   chkecuali ppc wonu boleh ambil lebih   "
"367","hai adakah gyulrangelseone it carat jogjaaku ada rencana mau bagi di chingu cafe hari kamis jam nya menyusul  misalkan ada mau boleh rep yah mau yg mana d orang   chkecuali ppc wonu boleh ambil lebih   "
"368","hai adakah gyulrangelseone it carat jogjaaku ada rencana mau bagi di chingu cafe hari kamis jam nya menyusul  misalkan ada mau boleh rep yah mau yg mana d orang   chkecuali ppc wonu boleh ambil lebih   "
"369","hai adakah gyulrangelseone it carat jogjaaku ada rencana mau bagi di chingu cafe hari kamis jam nya menyusul  misalkan ada mau boleh rep yah mau yg mana d orang   chkecuali ppc wonu boleh ambil lebih   "
"370","hai adakah gyulrangelseone it carat jogjaaku ada rencana mau bagi di chingu cafe hari kamis jam nya menyusul  misalkan ada mau boleh rep yah mau yg mana d orang   chkecuali ppc wonu boleh ambil lebih   "
"371","hai adakah gyulrangelseone it carat jogjaaku ada rencana mau bagi di chingu cafe hari kamis jam nya menyusul  misalkan ada mau boleh rep yah mau yg mana d orang   chkecuali ppc wonu boleh ambil lebih   "
"372","   jaeyong five tweet au  cafe teza jogjakesatu "
"373","   jaeyong five tweet au  cafe teza jogjakesatu "
"374","   jaeyong five tweet au  cafe teza jogjakesatu "
"375","   jaeyong five tweet au  cafe teza jogjakesatu "
"376","help rtlikewtswant to sellpc renjun agentpc renjun cafepc jisung ar selcaharga bersih krready kr fix dapetada go dom jogja emstaxpackingdm for detail "
"377","   jaeyong five tweet au  cafe teza jogjakesatu "
"378","   jaeyong five tweet au  cafe teza jogjakesatu "
"379","   jaeyong five tweet au  cafe teza jogjakesatu "
"380","   jaeyong five tweet au  cafe teza jogjakesatu "
"381","   jaeyong five tweet au  cafe teza jogjakesatu "
"382"," bismillah rules done thanks for giveaway karna bias aku jaemin bismillah smg jaemin cafe pulang aku dom jogja kak wml "
"383","   jaeyong five tweet au  cafe teza jogjakesatu "
"384","   jaeyong five tweet au  cafe teza jogjakesatu "
"385","   jaeyong five tweet au  cafe teza jogjakesatu "
"386","   jaeyong five tweet au  cafe teza jogjakesatu "
"387","   jaeyong five tweet au  cafe teza jogjakesatu "
"388","   jaeyong five tweet au  cafe teza jogjakesatu "
"389","   jaeyong five tweet au  cafe teza jogjakesatu "
"390","   jaeyong five tweet au  cafe teza jogjakesatu "
"391"," yuhuuuuu donemau cafe nanadom jogjabismillah wish me luck "
"392","   jaeyong five tweet au  cafe teza jogjakesatu "
"393","   jaeyong five tweet au  cafe teza jogjakesatu "
"394","   jaeyong five tweet au  cafe teza jogjakesatu "
"395","   jaeyong five tweet au  cafe teza jogjakesatu "
"396","   jaeyong five tweet au  cafe teza jogjakesatu "
"397","   jaeyong five tweet au  cafe teza jogjakesatu "
"398","   jaeyong five tweet au  cafe teza jogjakesatu "
"399","   jaeyong five tweet au  cafe teza jogjakesatu "
"400","   jaeyong five tweet au  cafe teza jogjakesatu "
"401","   jaeyong five tweet au  cafe teza jogjakesatu "
"402","   jaeyong five tweet au  cafe teza jogjakesatu "
"403","   jaeyong five tweet au  cafe teza jogjakesatu "
"404"," jaemin cafe k good condi include packingadm dom jogja siap kirim nder co skrg kirim besok"
"405"," dom jogja jaemin cafe k good condi"
"406","   jaeyong five tweet au  cafe teza jogjakesatu "
"407","   jaeyong five tweet au  cafe teza jogjakesatu "
"408","   jaeyong five tweet au  cafe teza jogjakesatu "
"409","   jaeyong five tweet au  cafe teza jogjakesatu "
"410","   jaeyong five tweet au  cafe teza jogjakesatu "
"411","   jaeyong five tweet au  cafe teza jogjakesatu "
"412","   jaeyong five tweet au  cafe teza jogjakesatu "
"413","   jaeyong five tweet au  cafe teza jogjakesatu "
"414","   jaeyong five tweet au  cafe teza jogjakesatu "
"415","   jaeyong five tweet au  cafe teza jogjakesatu "
"416","   jaeyong five tweet au  cafe teza jogjakesatu "
"417","   jaeyong five tweet au  cafe teza jogjakesatu "
"418"," cafe chenle ridi kamar dom jogja k incl packing freebies"
"419","   jaeyong five tweet au  cafe teza jogjakesatu "
"420"," ready ina k mark cafe good condi dom jogja"
"421"," mark cafe k dom jogja kak bisa freeong hari yuk lgsg bungkus"
"422"," cafe mark k good condi dom jogja mari kak"
"423","   jaeyong five tweet au  cafe teza jogjakesatu "
"424","   jaeyong five tweet au  cafe teza jogjakesatu "
"425","   jaeyong five tweet au  cafe teza jogjakesatu "
"426","   jaeyong five tweet au  cafe teza jogjakesatu "
"427","   jaeyong five tweet au  cafe teza jogjakesatu "
"428","   jaeyong five tweet au  cafe teza jogjakesatu "
"429"," adaaaa dia sekarang buka cafe ada etalase bakery nya recommended banget buat oleholeh atau nongkrong pas lagi di jogja  "
"430","   jaeyong five tweet au  cafe teza jogjakesatu "
"431","   jaeyong five tweet au  cafe teza jogjakesatu "
"432","   jaeyong five tweet au  cafe teza jogjakesatu "
"433","   jaeyong five tweet au  cafe teza jogjakesatu "
"434","   jaeyong five tweet au  cafe teza jogjakesatu "
"435","   jaeyong five tweet au  cafe teza jogjakesatu "
"436"," jisung cafe kar selca chenle  dom jogja nih nder angkutt"
"437","cookies cafe baru di jogja namanya cookies by dou sesuai namanya prroduk andalannya soft cookies freshly baked everyday bahkan open kitchen juga kalau pengen variasi bs pesen soft serve ice creamnya pake cookies loc jl demangan baru seberang cold n brew "
"438","wts wttid card doyoungpola kolbuk s love yangyang setmark cafe renjun cafechenle future nct haechan pola futurejaemin ar clip hot saucejaemin chillingor trade to all about jisung tawarin aja duludom jogjabisa negotiable"
"439"," cafe jatinangor jogja ya  atau bukan"
"440","wts  lfb  jeno boom k jeno rollin k jeno crazy k jeno boring k jaemin crazy k lucas kihno depart k yuta neozone n k jeno cafe k jaemin cafe k jisung cafe k  slight damagejogja shopee freeongexcl fee admin  packing k"
"441"," ada maddy di jogja tp couvee kala coffee societyitu coffee literan favoritkusama point cafe tp ml botolan hihi"
"442"," aku ada jaemin arrival jaemin rollin sama jaemin cafe nder dom jogja"
"443"," nder aku ada mark chilling cafe chenle cafeagenthello  pc k dom jogja"
"444","wtswtt help rt day  clearance salehaechan boring kmark wgu ktaeyong neozone c k cc kjeno cafe k crazy k chiling kor wtt to tyjsrjjndom jogja boleh keep bisa syopitoped siap kirimada damage pabrikmarie diangkut langsung dm ajaa  "
"445","help rtlikewtswant to sellpc renjun agentpc renjun cafepc jisung ar selcaharga bersih krready kr fix dapetada go dom jogja emstaxpackingdm for detail "
"446","help rtlikewtswant to sellpc renjun agentpc renjun cafepc jisung ar selcaharga bersih krready kr fix dapetada go dom jogja emstaxpackingdm for detail "
"447","help rtlikewtswant to sellpc renjun agentpc renjun cafepc jisung ar selcaharga bersih krready kr fix dapetada go dom jogja emstaxpackingdm for detail "
"448","help rtlikewtswant to sellpc renjun agentpc renjun cafepc jisung ar selcaharga bersih krready kr fix dapetada go dom jogja emstaxpackingdm for detail "
"449","lt sobat litbase ada rekomendasi book cafe di jogja nggak boleh dong di drop makasii"
"450"," wts jaemin cafe kdom jogja bisa langsung co kirim hari "
"451"," nih nder rj cafe k  rj future k ajaa inc pack dom jogja bisa shopee mumpung masih event juga take yuu "
"452"," rj cafe k inc park dom jogja and bisa shopee mumpung event yuu"
"453","rj cafe k  rj future k all good condi bisa shopee dom jogja yuuu angkut bestiee "
"454","dari magelang pulang jogja lewatnya turi mir ke cafe enak banget tempatnya namanya lokasinya dikelilingi kebun salak ada air terjun m alaminya juga beneran bisa  di s selain adem udaranya juga tenang dengar suara gemericik air "
"455","nts set only haechan photopack  jeno agent  chenle agent  jisung cafe k all good condiada yg belum redi inadom jogja"
"456"," ini cafe mana siii namanya kaaa biar pan kapan klo ke jogja bisa mirrr"
"457"," semua rame bingit bun tempat wisata mall cafe rame semua ahahaa msh awal bulan berasa dah liburan  jogja dah macet lagi eheehee"
"458"," tergantungg klo pedagang kaki lima nya mah engga tpi cafe nya ya sama aja kek di batang eh ya jogja tu harga nya sama kek di batang jdi yo gada beda nya bahkan bbrpa ada yg lebih mahal jdi klo dlang jogja murah itu buat yh dri jabodetabek dst klo daerah kita sama aja"
"459"," jaemin cafe kjeno cafe kdom jogja"
"460","wtswant to sellnct dream photocardpc jaemin agent  haechan cafegood condi semuaoffer aja sesuai pasaran yadom jogja bisa oren gratong bisa co hari dm for details"
"461"," cafe jaemin k dom jatengjogja"
"462","dari magelang pulang jogja lewatnya turi mir ke cafe enak banget tempatnya namanya lokasinya dikelilingi kebun salak ada air terjun m alaminya juga beneran bisa  di s selain adem udaranya juga tenang dengar suara gemericik air "
"463","sai di jogja lansung ke cafe deket banget  seberangnya tugu jogja kebon ndalem coffe beli kopi sama jajan sorry gaada fotonya keburu laper soalnya wkwk rb hari pertama selesai pengeluaran sementara  rp  "
"464"," saran cafe terkeren terpw di jogja dong"
"465"," dom jogja nderr nanti aku kasih pc cafe chenle free good condi yaa "
"466"," nderr ayo take jeno cafe aku k dapet  good condi dom jogja"
"467"," renjun cafe k dom jogja"
"468"," cafe mark k dom jogja"
"469","wts pc haechan cafe k pc haechan chilling k pc haechan rollin ksyopi biaya admin syopi gratong jogja"
"470","lt warga litbase domisi jogja tolong kasih tau perpustakaan toko buku atau cafe baca udah bisa dikunjungi dong makasih sebelumnya "
